N°,Name,Links
1,Ain,"https://wxs.ign.fr/9u5z4x13jqu05fb3o9cux5e1/telechargement/prepackage/RGEALTI-1M_PACK_10-03-2021$RGEALTI_2-0_1M_ASC_LAMB93-IGN69_D001_2020-11-13/file/RGEALTI_2-0_1M_ASC_LAMB93-IGN69_D001_2020-11-13.7z.001,https://wxs.ign.fr/9u5z4x13jqu05fb3o9cux5e1/telechargement/prepackage/RGEALTI-1M_PACK_10-03-2021$RGEALTI_2-0_1M_ASC_LAMB93-IGN69_D001_2020-11-13/file/RGEALTI_2-0_1M_ASC_LAMB93-IGN69_D001_2020-11-13.7z.002 "
2,Aisne,"https://wxs.ign.fr/9u5z4x13jqu05fb3o9cux5e1/telechargement/prepackage/RGEALTI-1M_PACK_10-03-2021$RGEALTI_2-0_1M_ASC_LAMB93-IGN69_D002_2020-09-04/file/RGEALTI_2-0_1M_ASC_LAMB93-IGN69_D002_2020-09-04.7z.001,https://wxs.ign.fr/9u5z4x13jqu05fb3o9cux5e1/telechargement/prepackage/RGEALTI-1M_PACK_10-03-2021$RGEALTI_2-0_1M_ASC_LAMB93-IGN69_D002_2020-09-04/file/RGEALTI_2-0_1M_ASC_LAMB93-IGN69_D002_2020-09-04.7z.002 "
3,Allier,https://wxs.ign.fr/9u5z4x13jqu05fb3o9cux5e1/telechargement/prepackage/RGEALTI-1M_PACK_14-11-2021$RGEALTI_2-0_1M_ASC_LAMB93-IGN69_D003_2021-08-25/file/RGEALTI_2-0_1M_ASC_LAMB93-IGN69_D003_2021-08-25.7z
4,Alpes-de-Haute-Provence,"https://wxs.ign.fr/9u5z4x13jqu05fb3o9cux5e1/telechargement/prepackage/RGEALTI-1M_PACK_12b-10-2021$RGEALTI_2-0_1M_ASC_LAMB93-IGN69_D004_2021-08-04/file/RGEALTI_2-0_1M_ASC_LAMB93-IGN69_D004_2021-08-04.7z.001,https://wxs.ign.fr/9u5z4x13jqu05fb3o9cux5e1/telechargement/prepackage/RGEALTI-1M_PACK_12b-10-2021$RGEALTI_2-0_1M_ASC_LAMB93-IGN69_D004_2021-08-04/file/RGEALTI_2-0_1M_ASC_LAMB93-IGN69_D004_2021-08-04.7z.002 "
5,Hautes-Alpes,"https://wxs.ign.fr/9u5z4x13jqu05fb3o9cux5e1/telechargement/prepackage/RGEALTI-1M_PACK_10-03-2021$RGEALTI_2-0_1M_ASC_LAMB93-IGN69_D005_2020-01-29/file/RGEALTI_2-0_1M_ASC_LAMB93-IGN69_D005_2020-01-29.7z.001,https://wxs.ign.fr/9u5z4x13jqu05fb3o9cux5e1/telechargement/prepackage/RGEALTI-1M_PACK_10-03-2021$RGEALTI_2-0_1M_ASC_LAMB93-IGN69_D005_2020-01-29/file/RGEALTI_2-0_1M_ASC_LAMB93-IGN69_D005_2020-01-29.7z.002 "
6,Alpes-Maritimes,"https://wxs.ign.fr/9u5z4x13jqu05fb3o9cux5e1/telechargement/prepackage/RGEALTI-1M_PACK_12-08-2022$RGEALTI_2-0_1M_ASC_LAMB93-IGN69_D006_2022-07-29/file/RGEALTI_2-0_1M_ASC_LAMB93-IGN69_D006_2022-07-29.7z.001,https://wxs.ign.fr/9u5z4x13jqu05fb3o9cux5e1/telechargement/prepackage/RGEALTI-1M_PACK_12-08-2022$RGEALTI_2-0_1M_ASC_LAMB93-IGN69_D006_2022-07-29/file/RGEALTI_2-0_1M_ASC_LAMB93-IGN69_D006_2022-07-29.7z.002 "
7,Ardèche,"https://wxs.ign.fr/9u5z4x13jqu05fb3o9cux5e1/telechargement/prepackage/RGEALTI-1M_PACK_26-01-2022$RGEALTI_2-0_1M_ASC_LAMB93-IGN69_D007_2021-11-02/file/RGEALTI_2-0_1M_ASC_LAMB93-IGN69_D007_2021-11-02.7z.001,https://wxs.ign.fr/9u5z4x13jqu05fb3o9cux5e1/telechargement/prepackage/RGEALTI-1M_PACK_26-01-2022$RGEALTI_2-0_1M_ASC_LAMB93-IGN69_D007_2021-11-02/file/RGEALTI_2-0_1M_ASC_LAMB93-IGN69_D007_2021-11-02.7z.002 "
8,Ardennes,https://wxs.ign.fr/9u5z4x13jqu05fb3o9cux5e1/telechargement/prepackage/RGEALTI-1M_PACK_10-03-2021$RGEALTI_2-0_1M_ASC_LAMB93-IGN69_D008_2019-10-14/file/RGEALTI_2-0_1M_ASC_LAMB93-IGN69_D008_2019-10-14.7z 
9,Ariège,"https://wxs.ign.fr/9u5z4x13jqu05fb3o9cux5e1/telechargement/prepackage/RGEALTI-1M_PACK_08-10-2021$RGEALTI_2-0_1M_ASC_LAMB93-IGN69_D009_2021-05-12/file/RGEALTI_2-0_1M_ASC_LAMB93-IGN69_D009_2021-05-12.7z.001,https://wxs.ign.fr/9u5z4x13jqu05fb3o9cux5e1/telechargement/prepackage/RGEALTI-1M_PACK_08-10-2021$RGEALTI_2-0_1M_ASC_LAMB93-IGN69_D009_2021-05-12/file/RGEALTI_2-0_1M_ASC_LAMB93-IGN69_D009_2021-05-12.7z.002 "
10,Aube,https://wxs.ign.fr/9u5z4x13jqu05fb3o9cux5e1/telechargement/prepackage/RGEALTI-1M_PACK_01-12-2021$RGEALTI_2-0_1M_ASC_LAMB93-IGN69_D010_2021-11-04/file/RGEALTI_2-0_1M_ASC_LAMB93-IGN69_D010_2021-11-04.7z
11,Aude,"https://wxs.ign.fr/9u5z4x13jqu05fb3o9cux5e1/telechargement/prepackage/RGEALTI-1M_PACK_09-11-2021$RGEALTI_2-0_1M_ASC_LAMB93-IGN69_D011_2021-05-12/file/RGEALTI_2-0_1M_ASC_LAMB93-IGN69_D011_2021-05-12.7z.001,https://wxs.ign.fr/9u5z4x13jqu05fb3o9cux5e1/telechargement/prepackage/RGEALTI-1M_PACK_09-11-2021$RGEALTI_2-0_1M_ASC_LAMB93-IGN69_D011_2021-05-12/file/RGEALTI_2-0_1M_ASC_LAMB93-IGN69_D011_2021-05-12.7z.002 "
12,Aveyron,"https://wxs.ign.fr/9u5z4x13jqu05fb3o9cux5e1/telechargement/prepackage/RGEALTI-1M_PACK_05-11-2022$RGEALTI_2-0_1M_ASC_LAMB93-IGN69_D012_2022-09-29/file/RGEALTI_2-0_1M_ASC_LAMB93-IGN69_D012_2022-09-29.7z.001,https://wxs.ign.fr/9u5z4x13jqu05fb3o9cux5e1/telechargement/prepackage/RGEALTI-1M_PACK_05-11-2022$RGEALTI_2-0_1M_ASC_LAMB93-IGN69_D012_2022-09-29/file/RGEALTI_2-0_1M_ASC_LAMB93-IGN69_D012_2022-09-29.7z.002,https://wxs.ign.fr/9u5z4x13jqu05fb3o9cux5e1/telechargement/prepackage/RGEALTI-1M_PACK_05-11-2022$RGEALTI_2-0_1M_ASC_LAMB93-IGN69_D012_2022-09-29/file/RGEALTI_2-0_1M_ASC_LAMB93-IGN69_D012_2022-09-29.7z.003 "
13,Bouches-du-Rhône,"https://wxs.ign.fr/9u5z4x13jqu05fb3o9cux5e1/telechargement/prepackage/RGEALTI-1M_PACK_12-08-2022$RGEALTI_2-0_1M_ASC_LAMB93-IGN69_D013_2022-07-29/file/RGEALTI_2-0_1M_ASC_LAMB93-IGN69_D013_2022-07-29.7z.001,https://wxs.ign.fr/9u5z4x13jqu05fb3o9cux5e1/telechargement/prepackage/RGEALTI-1M_PACK_12-08-2022$RGEALTI_2-0_1M_ASC_LAMB93-IGN69_D013_2022-07-29/file/RGEALTI_2-0_1M_ASC_LAMB93-IGN69_D013_2022-07-29.7z.002 "
14,Calvados,https://wxs.ign.fr/9u5z4x13jqu05fb3o9cux5e1/telechargement/prepackage/RGEALTI-1M_PACK_09-11-2021$RGEALTI_2-0_1M_ASC_LAMB93-IGN69_D014_2020-10-20/file/RGEALTI_2-0_1M_ASC_LAMB93-IGN69_D014_2020-10-20.7z
15,Cantal,"https://wxs.ign.fr/9u5z4x13jqu05fb3o9cux5e1/telechargement/prepackage/RGEALTI-1M_PACK_05-11-2022$RGEALTI_2-0_1M_ASC_LAMB93-IGN69_D015_2022-09-29/file/RGEALTI_2-0_1M_ASC_LAMB93-IGN69_D015_2022-09-29.7z.001,https://wxs.ign.fr/9u5z4x13jqu05fb3o9cux5e1/telechargement/prepackage/RGEALTI-1M_PACK_05-11-2022$RGEALTI_2-0_1M_ASC_LAMB93-IGN69_D015_2022-09-29/file/RGEALTI_2-0_1M_ASC_LAMB93-IGN69_D015_2022-09-29.7z.002,https://wxs.ign.fr/9u5z4x13jqu05fb3o9cux5e1/telechargement/prepackage/RGEALTI-1M_PACK_05-11-2022$RGEALTI_2-0_1M_ASC_LAMB93-IGN69_D015_2022-09-29/file/RGEALTI_2-0_1M_ASC_LAMB93-IGN69_D015_2022-09-29.7z.003 "
16,Charente,https://wxs.ign.fr/9u5z4x13jqu05fb3o9cux5e1/telechargement/prepackage/RGEALTI-1M_PACK_14-11-2021$RGEALTI_2-0_1M_ASC_LAMB93-IGN69_D016_2021-09-10/file/RGEALTI_2-0_1M_ASC_LAMB93-IGN69_D016_2021-09-10.7z
17,Charente-Maritime,"https://wxs.ign.fr/9u5z4x13jqu05fb3o9cux5e1/telechargement/prepackage/RGEALTI-1M_PACK_05-11-2022$RGEALTI_2-0_1M_ASC_LAMB93-IGN69_D017_2022-10-05/file/RGEALTI_2-0_1M_ASC_LAMB93-IGN69_D017_2022-10-05.7z.001,https://wxs.ign.fr/9u5z4x13jqu05fb3o9cux5e1/telechargement/prepackage/RGEALTI-1M_PACK_05-11-2022$RGEALTI_2-0_1M_ASC_LAMB93-IGN69_D017_2022-10-05/file/RGEALTI_2-0_1M_ASC_LAMB93-IGN69_D017_2022-10-05.7z.002 "
18,Cher,https://wxs.ign.fr/9u5z4x13jqu05fb3o9cux5e1/telechargement/prepackage/RGEALTI-1M_PACK_13-03-2021$RGEALTI_2-0_1M_ASC_LAMB93-IGN69_D018_2019-03-08/file/RGEALTI_2-0_1M_ASC_LAMB93-IGN69_D018_2019-03-08.7z 
19,Corrèze,"https://wxs.ign.fr/9u5z4x13jqu05fb3o9cux5e1/telechargement/prepackage/RGEALTI-1M_PACK_13-03-2021$RGEALTI_2-0_1M_ASC_LAMB93-IGN69_D019_2019-09-09/file/RGEALTI_2-0_1M_ASC_LAMB93-IGN69_D019_2019-09-09.7z.001,https://wxs.ign.fr/9u5z4x13jqu05fb3o9cux5e1/telechargement/prepackage/RGEALTI-1M_PACK_13-03-2021$RGEALTI_2-0_1M_ASC_LAMB93-IGN69_D019_2019-09-09/file/RGEALTI_2-0_1M_ASC_LAMB93-IGN69_D019_2019-09-09.7z.002 "
2A,Corse-du-Sud,"https://wxs.ign.fr/9u5z4x13jqu05fb3o9cux5e1/telechargement/prepackage/RGEALTI-1M_PACK_09-11-2021$RGEALTI_2-0_1M_ASC_LAMB93-IGN78C_D02A_2020-04-16/file/RGEALTI_2-0_1M_ASC_LAMB93-IGN78C_D02A_2020-04-16.7z.001,https://wxs.ign.fr/9u5z4x13jqu05fb3o9cux5e1/telechargement/prepackage/RGEALTI-1M_PACK_09-11-2021$RGEALTI_2-0_1M_ASC_LAMB93-IGN78C_D02A_2020-04-16/file/RGEALTI_2-0_1M_ASC_LAMB93-IGN78C_D02A_2020-04-16.7z.002 "
2B,Haute-Corse,"https://wxs.ign.fr/9u5z4x13jqu05fb3o9cux5e1/telechargement/prepackage/RGEALTI-1M_PACK_09-11-2021$RGEALTI_2-0_1M_ASC_LAMB93-IGN78C_D02B_2020-04-16/file/RGEALTI_2-0_1M_ASC_LAMB93-IGN78C_D02B_2020-04-16.7z.001,https://wxs.ign.fr/9u5z4x13jqu05fb3o9cux5e1/telechargement/prepackage/RGEALTI-1M_PACK_09-11-2021$RGEALTI_2-0_1M_ASC_LAMB93-IGN78C_D02B_2020-04-16/file/RGEALTI_2-0_1M_ASC_LAMB93-IGN78C_D02B_2020-04-16.7z.002 "
21,Côte-d’Or,"https://wxs.ign.fr/9u5z4x13jqu05fb3o9cux5e1/telechargement/prepackage/RGEALTI-1M_PACK_05-11-2022$RGEALTI_2-0_1M_ASC_LAMB93-IGN69_D021_2022-10-05/file/RGEALTI_2-0_1M_ASC_LAMB93-IGN69_D021_2022-10-05.7z.001,https://wxs.ign.fr/9u5z4x13jqu05fb3o9cux5e1/telechargement/prepackage/RGEALTI-1M_PACK_05-11-2022$RGEALTI_2-0_1M_ASC_LAMB93-IGN69_D021_2022-10-05/file/RGEALTI_2-0_1M_ASC_LAMB93-IGN69_D021_2022-10-05.7z.002 "
22,Côtes-d’Armor,https://wxs.ign.fr/9u5z4x13jqu05fb3o9cux5e1/telechargement/prepackage/RGEALTI-1M_PACK_FXX_2022-12-07$RGEALTI_2-0_1M_ASC_LAMB93-IGN69_D022_2022-10-14/file/RGEALTI_2-0_1M_ASC_LAMB93-IGN69_D022_2022-10-14.7z
23,Creuse,"https://wxs.ign.fr/9u5z4x13jqu05fb3o9cux5e1/telechargement/prepackage/RGEALTI-1M_PACK_17-10-2022$RGEALTI_2-0_1M_ASC_LAMB93-IGN69_D023_2021-01-13/file/RGEALTI_2-0_1M_ASC_LAMB93-IGN69_D023_2021-01-13.7z.001,https://wxs.ign.fr/9u5z4x13jqu05fb3o9cux5e1/telechargement/prepackage/RGEALTI-1M_PACK_17-10-2022$RGEALTI_2-0_1M_ASC_LAMB93-IGN69_D023_2021-01-13/file/RGEALTI_2-0_1M_ASC_LAMB93-IGN69_D023_2021-01-13.7z.002 "
24,Dordogne,"https://wxs.ign.fr/9u5z4x13jqu05fb3o9cux5e1/telechargement/prepackage/RGEALTI-1M_PACK_17-10-2022$RGEALTI_2-0_1M_ASC_LAMB93-IGN69_D024_2021-01-13/file/RGEALTI_2-0_1M_ASC_LAMB93-IGN69_D024_2021-01-13.7z.001,https://wxs.ign.fr/9u5z4x13jqu05fb3o9cux5e1/telechargement/prepackage/RGEALTI-1M_PACK_17-10-2022$RGEALTI_2-0_1M_ASC_LAMB93-IGN69_D024_2021-01-13/file/RGEALTI_2-0_1M_ASC_LAMB93-IGN69_D024_2021-01-13.7z.002,https://wxs.ign.fr/9u5z4x13jqu05fb3o9cux5e1/telechargement/prepackage/RGEALTI-1M_PACK_17-10-2022$RGEALTI_2-0_1M_ASC_LAMB93-IGN69_D024_2021-01-13/file/RGEALTI_2-0_1M_ASC_LAMB93-IGN69_D024_2021-01-13.7z.003,https://wxs.ign.fr/9u5z4x13jqu05fb3o9cux5e1/telechargement/prepackage/RGEALTI-1M_PACK_17-10-2022$RGEALTI_2-0_1M_ASC_LAMB93-IGN69_D024_2021-01-13/file/RGEALTI_2-0_1M_ASC_LAMB93-IGN69_D024_2021-01-13.7z.004 "
25,Doubs,"https://wxs.ign.fr/9u5z4x13jqu05fb3o9cux5e1/telechargement/prepackage/RGEALTI-1M_PACK_17-10-2022$RGEALTI_2-0_1M_ASC_LAMB93-IGN69_D025_2021-01-13/file/RGEALTI_2-0_1M_ASC_LAMB93-IGN69_D025_2021-01-13.7z.001,https://wxs.ign.fr/9u5z4x13jqu05fb3o9cux5e1/telechargement/prepackage/RGEALTI-1M_PACK_17-10-2022$RGEALTI_2-0_1M_ASC_LAMB93-IGN69_D025_2021-01-13/file/RGEALTI_2-0_1M_ASC_LAMB93-IGN69_D025_2021-01-13.7z.002 "
26,Drôme,"https://wxs.ign.fr/9u5z4x13jqu05fb3o9cux5e1/telechargement/prepackage/RGEALTI-1M_PACK_26-01-2022$RGEALTI_2-0_1M_ASC_LAMB93-IGN69_D026_2021-11-02/file/RGEALTI_2-0_1M_ASC_LAMB93-IGN69_D026_2021-11-02.7z.001,https://wxs.ign.fr/9u5z4x13jqu05fb3o9cux5e1/telechargement/prepackage/RGEALTI-1M_PACK_26-01-2022$RGEALTI_2-0_1M_ASC_LAMB93-IGN69_D026_2021-11-02/file/RGEALTI_2-0_1M_ASC_LAMB93-IGN69_D026_2021-11-02.7z.002 "
27,Eure,https://wxs.ign.fr/9u5z4x13jqu05fb3o9cux5e1/telechargement/prepackage/RGEALTI-1M_PACK_09-11-2021$RGEALTI_2-0_1M_ASC_LAMB93-IGN69_D027_2020-10-20/file/RGEALTI_2-0_1M_ASC_LAMB93-IGN69_D027_2020-10-20.7z
28,Eure-et-Loir,https://wxs.ign.fr/9u5z4x13jqu05fb3o9cux5e1/telechargement/prepackage/RGEALTI-1M_PACK_17-10-2022$RGEALTI_2-0_1M_ASC_LAMB93-IGN69_D028_2021-01-13/file/RGEALTI_2-0_1M_ASC_LAMB93-IGN69_D028_2021-01-13.7z
29,Finistère,https://wxs.ign.fr/9u5z4x13jqu05fb3o9cux5e1/telechargement/prepackage/RGEALTI-1M_PACK_FXX_2022-12-07$RGEALTI_2-0_1M_ASC_LAMB93-IGN69_D029_2022-10-14/file/RGEALTI_2-0_1M_ASC_LAMB93-IGN69_D029_2022-10-14.7z
30,Gard,"https://wxs.ign.fr/9u5z4x13jqu05fb3o9cux5e1/telechargement/prepackage/RGEALTI-1M_PACK_12-08-2022$RGEALTI_2-0_1M_ASC_LAMB93-IGN69_D030_2022-07-29/file/RGEALTI_2-0_1M_ASC_LAMB93-IGN69_D030_2022-07-29.7z.001,https://wxs.ign.fr/9u5z4x13jqu05fb3o9cux5e1/telechargement/prepackage/RGEALTI-1M_PACK_12-08-2022$RGEALTI_2-0_1M_ASC_LAMB93-IGN69_D030_2022-07-29/file/RGEALTI_2-0_1M_ASC_LAMB93-IGN69_D030_2022-07-29.7z.002 "
31,Haute-Garonne,https://wxs.ign.fr/9u5z4x13jqu05fb3o9cux5e1/telechargement/prepackage/RGEALTI-1M_PACK_08-10-2021$RGEALTI_2-0_1M_ASC_LAMB93-IGN69_D031_2021-05-12/file/RGEALTI_2-0_1M_ASC_LAMB93-IGN69_D031_2021-05-12.7z
32,Gers,https://wxs.ign.fr/9u5z4x13jqu05fb3o9cux5e1/telechargement/prepackage/RGEALTI-1M_PACK_11-03-2021$RGEALTI_2-0_1M_ASC_LAMB93-IGN69_D032_2019-11-21/file/RGEALTI_2-0_1M_ASC_LAMB93-IGN69_D032_2019-11-21.7z
33,Gironde,"https://wxs.ign.fr/9u5z4x13jqu05fb3o9cux5e1/telechargement/prepackage/RGEALTI-1M_PACK_01-12-2021$RGEALTI_2-0_1M_ASC_LAMB93-IGN69_D033_2021-04-19/file/RGEALTI_2-0_1M_ASC_LAMB93-IGN69_D033_2021-04-19.7z.001,https://wxs.ign.fr/9u5z4x13jqu05fb3o9cux5e1/telechargement/prepackage/RGEALTI-1M_PACK_01-12-2021$RGEALTI_2-0_1M_ASC_LAMB93-IGN69_D033_2021-04-19/file/RGEALTI_2-0_1M_ASC_LAMB93-IGN69_D033_2021-04-19.7z.002 "
34,Hérault,"https://wxs.ign.fr/9u5z4x13jqu05fb3o9cux5e1/telechargement/prepackage/RGEALTI-1M_PACK_12-08-2022$RGEALTI_2-0_1M_ASC_LAMB93-IGN69_D034_2022-07-29/file/RGEALTI_2-0_1M_ASC_LAMB93-IGN69_D034_2022-07-29.7z.001,https://wxs.ign.fr/9u5z4x13jqu05fb3o9cux5e1/telechargement/prepackage/RGEALTI-1M_PACK_12-08-2022$RGEALTI_2-0_1M_ASC_LAMB93-IGN69_D034_2022-07-29/file/RGEALTI_2-0_1M_ASC_LAMB93-IGN69_D034_2022-07-29.7z.002,https://wxs.ign.fr/9u5z4x13jqu05fb3o9cux5e1/telechargement/prepackage/RGEALTI-1M_PACK_12-08-2022$RGEALTI_2-0_1M_ASC_LAMB93-IGN69_D034_2022-07-29/file/RGEALTI_2-0_1M_ASC_LAMB93-IGN69_D034_2022-07-29.7z.003 "
35,Ille-et-Vilaine,https://wxs.ign.fr/9u5z4x13jqu05fb3o9cux5e1/telechargement/prepackage/RGEALTI-1M_PACK_14-11-2021$RGEALTI_2-0_1M_ASC_LAMB93-IGN69_D035_2021-09-10/file/RGEALTI_2-0_1M_ASC_LAMB93-IGN69_D035_2021-09-10.7z
36,Indre,https://wxs.ign.fr/9u5z4x13jqu05fb3o9cux5e1/telechargement/prepackage/RGEALTI-1M_PACK_01-12-2021$RGEALTI_2-0_1M_ASC_LAMB93-IGN69_D036_2021-10-26/file/RGEALTI_2-0_1M_ASC_LAMB93-IGN69_D036_2021-10-26.7z
37,Indre-et-Loire,https://wxs.ign.fr/9u5z4x13jqu05fb3o9cux5e1/telechargement/prepackage/RGEALTI-1M_PACK_01-12-2021$RGEALTI_2-0_1M_ASC_LAMB93-IGN69_D037_2021-10-26/file/RGEALTI_2-0_1M_ASC_LAMB93-IGN69_D037_2021-10-26.7z
38,Isère,"https://wxs.ign.fr/9u5z4x13jqu05fb3o9cux5e1/telechargement/prepackage/RGEALTI-1M_PACK_11-03-2021$RGEALTI_2-0_1M_ASC_LAMB93-IGN69_D038_2020-11-13/file/RGEALTI_2-0_1M_ASC_LAMB93-IGN69_D038_2020-11-13.7z.001,https://wxs.ign.fr/9u5z4x13jqu05fb3o9cux5e1/telechargement/prepackage/RGEALTI-1M_PACK_11-03-2021$RGEALTI_2-0_1M_ASC_LAMB93-IGN69_D038_2020-11-13/file/RGEALTI_2-0_1M_ASC_LAMB93-IGN69_D038_2020-11-13.7z.002 "
39,Jura,"https://wxs.ign.fr/9u5z4x13jqu05fb3o9cux5e1/telechargement/prepackage/RGEALTI-1M_PACK_11-03-2021$RGEALTI_2-0_1M_ASC_LAMB93-IGN69_D039_2020-01-06/file/RGEALTI_2-0_1M_ASC_LAMB93-IGN69_D039_2020-01-06.7z.001,https://wxs.ign.fr/9u5z4x13jqu05fb3o9cux5e1/telechargement/prepackage/RGEALTI-1M_PACK_11-03-2021$RGEALTI_2-0_1M_ASC_LAMB93-IGN69_D039_2020-01-06/file/RGEALTI_2-0_1M_ASC_LAMB93-IGN69_D039_2020-01-06.7z.002 "
40,Landes,"https://wxs.ign.fr/9u5z4x13jqu05fb3o9cux5e1/telechargement/prepackage/RGEALTI-1M_PACK_09-11-2021$RGEALTI_2-0_1M_ASC_LAMB93-IGN69_D040_2021-04-19/file/RGEALTI_2-0_1M_ASC_LAMB93-IGN69_D040_2021-04-19.7z.001,https://wxs.ign.fr/9u5z4x13jqu05fb3o9cux5e1/telechargement/prepackage/RGEALTI-1M_PACK_09-11-2021$RGEALTI_2-0_1M_ASC_LAMB93-IGN69_D040_2021-04-19/file/RGEALTI_2-0_1M_ASC_LAMB93-IGN69_D040_2021-04-19.7z.002,https://wxs.ign.fr/9u5z4x13jqu05fb3o9cux5e1/telechargement/prepackage/RGEALTI-1M_PACK_09-11-2021$RGEALTI_2-0_1M_ASC_LAMB93-IGN69_D040_2021-04-19/file/RGEALTI_2-0_1M_ASC_LAMB93-IGN69_D040_2021-04-19.7z.003 "
41,Loir-et-Cher,https://wxs.ign.fr/9u5z4x13jqu05fb3o9cux5e1/telechargement/prepackage/RGEALTI-1M_PACK_12b-03-2021$RGEALTI_2-0_1M_ASC_LAMB93-IGN69_D041_2019-12-16/file/RGEALTI_2-0_1M_ASC_LAMB93-IGN69_D041_2019-12-16.7z
42,Loire,"https://wxs.ign.fr/9u5z4x13jqu05fb3o9cux5e1/telechargement/prepackage/RGEALTI-1M_PACK_16-03-2021$RGEALTI_2-0_1M_ASC_LAMB93-IGN69_D042_2021-01-22/file/RGEALTI_2-0_1M_ASC_LAMB93-IGN69_D042_2021-01-22.7z.001,https://wxs.ign.fr/9u5z4x13jqu05fb3o9cux5e1/telechargement/prepackage/RGEALTI-1M_PACK_16-03-2021$RGEALTI_2-0_1M_ASC_LAMB93-IGN69_D042_2021-01-22/file/RGEALTI_2-0_1M_ASC_LAMB93-IGN69_D042_2021-01-22.7z.002 "
43,Haute-Loire,"https://wxs.ign.fr/9u5z4x13jqu05fb3o9cux5e1/telechargement/prepackage/RGEALTI-1M_PACK_12b-03-2021$RGEALTI_2-0_1M_ASC_LAMB93-IGN69_D043_2020-01-06/file/RGEALTI_2-0_1M_ASC_LAMB93-IGN69_D043_2020-01-06.7z.001,https://wxs.ign.fr/9u5z4x13jqu05fb3o9cux5e1/telechargement/prepackage/RGEALTI-1M_PACK_12b-03-2021$RGEALTI_2-0_1M_ASC_LAMB93-IGN69_D043_2020-01-06/file/RGEALTI_2-0_1M_ASC_LAMB93-IGN69_D043_2020-01-06.7z.002 "
44,Loire-Atlantique,https://wxs.ign.fr/9u5z4x13jqu05fb3o9cux5e1/telechargement/prepackage/RGEALTI-1M_PACK_14-11-2021$RGEALTI_2-0_1M_ASC_LAMB93-IGN69_D044_2021-09-10/file/RGEALTI_2-0_1M_ASC_LAMB93-IGN69_D044_2021-09-10.7z
45,Loiret,"https://wxs.ign.fr/9u5z4x13jqu05fb3o9cux5e1/telechargement/prepackage/RGEALTI-1M_PACK_01-12-2021$RGEALTI_2-0_1M_ASC_LAMB93-IGN69_D045_2021-11-04/file/RGEALTI_2-0_1M_ASC_LAMB93-IGN69_D045_2021-11-04.7z.001,https://wxs.ign.fr/9u5z4x13jqu05fb3o9cux5e1/telechargement/prepackage/RGEALTI-1M_PACK_01-12-2021$RGEALTI_2-0_1M_ASC_LAMB93-IGN69_D045_2021-11-04/file/RGEALTI_2-0_1M_ASC_LAMB93-IGN69_D045_2021-11-04.7z.002 "
46,Lot,"https://wxs.ign.fr/9u5z4x13jqu05fb3o9cux5e1/telechargement/prepackage/RGEALTI-1M_PACK_12b-03-2021$RGEALTI_2-0_1M_ASC_LAMB93-IGN69_D046_2019-10-17/file/RGEALTI_2-0_1M_ASC_LAMB93-IGN69_D046_2019-10-17.7z.001,https://wxs.ign.fr/9u5z4x13jqu05fb3o9cux5e1/telechargement/prepackage/RGEALTI-1M_PACK_12b-03-2021$RGEALTI_2-0_1M_ASC_LAMB93-IGN69_D046_2019-10-17/file/RGEALTI_2-0_1M_ASC_LAMB93-IGN69_D046_2019-10-17.7z.002 "
47,Lot-et-Garonne,"https://wxs.ign.fr/9u5z4x13jqu05fb3o9cux5e1/telechargement/prepackage/RGEALTI-1M_PACK_12b-03-2021$RGEALTI_2-0_1M_ASC_LAMB93-IGN69_D047_2019-11-21/file/RGEALTI_2-0_1M_ASC_LAMB93-IGN69_D047_2019-11-21.7z.001,https://wxs.ign.fr/9u5z4x13jqu05fb3o9cux5e1/telechargement/prepackage/RGEALTI-1M_PACK_12b-03-2021$RGEALTI_2-0_1M_ASC_LAMB93-IGN69_D047_2019-11-21/file/RGEALTI_2-0_1M_ASC_LAMB93-IGN69_D047_2019-11-21.7z.002 "
48,Lozère,"https://wxs.ign.fr/9u5z4x13jqu05fb3o9cux5e1/telechargement/prepackage/RGEALTI-1M_PACK_12-08-2022$RGEALTI_2-0_1M_ASC_LAMB93-IGN69_D048_2022-07-29/file/RGEALTI_2-0_1M_ASC_LAMB93-IGN69_D048_2022-07-29.7z.001,https://wxs.ign.fr/9u5z4x13jqu05fb3o9cux5e1/telechargement/prepackage/RGEALTI-1M_PACK_12-08-2022$RGEALTI_2-0_1M_ASC_LAMB93-IGN69_D048_2022-07-29/file/RGEALTI_2-0_1M_ASC_LAMB93-IGN69_D048_2022-07-29.7z.002 "
49,Maine-et-Loire,https://wxs.ign.fr/9u5z4x13jqu05fb3o9cux5e1/telechargement/prepackage/RGEALTI-1M_PACK_12-10-2021$RGEALTI_2-0_1M_ASC_LAMB93-IGN69_D049_2021-07-27/file/RGEALTI_2-0_1M_ASC_LAMB93-IGN69_D049_2021-07-27.7z
50,Manche,https://wxs.ign.fr/9u5z4x13jqu05fb3o9cux5e1/telechargement/prepackage/RGEALTI-1M_PACK_09-11-2021$RGEALTI_2-0_1M_ASC_LAMB93-IGN69_D050_2020-01-22/file/RGEALTI_2-0_1M_ASC_LAMB93-IGN69_D050_2020-01-22.7z
51,Marne,https://wxs.ign.fr/9u5z4x13jqu05fb3o9cux5e1/telechargement/prepackage/RGEALTI-1M_PACK_12-03-2021$RGEALTI_2-0_1M_ASC_LAMB93-IGN69_D051_2019-10-14/file/RGEALTI_2-0_1M_ASC_LAMB93-IGN69_D051_2019-10-14.7z
52,Haute-Marne,https://wxs.ign.fr/9u5z4x13jqu05fb3o9cux5e1/telechargement/prepackage/RGEALTI-1M_PACK_12-03-2021$RGEALTI_2-0_1M_ASC_LAMB93-IGN69_D052_2019-02-19/file/RGEALTI_2-0_1M_ASC_LAMB93-IGN69_D052_2019-02-19.7z
53,Mayenne,https://wxs.ign.fr/9u5z4x13jqu05fb3o9cux5e1/telechargement/prepackage/RGEALTI-1M_PACK_14-11-2021$RGEALTI_2-0_1M_ASC_LAMB93-IGN69_D053_2021-09-10/file/RGEALTI_2-0_1M_ASC_LAMB93-IGN69_D053_2021-09-10.7z
54,Meurthe-et-Moselle,https://wxs.ign.fr/9u5z4x13jqu05fb3o9cux5e1/telechargement/prepackage/RGEALTI-1M_PACK_01-12-2021$RGEALTI_2-0_1M_ASC_LAMB93-IGN69_D054_2021-09-24/file/RGEALTI_2-0_1M_ASC_LAMB93-IGN69_D054_2021-09-24.7z
55,Meuse,https://wxs.ign.fr/9u5z4x13jqu05fb3o9cux5e1/telechargement/prepackage/RGEALTI-1M_PACK_12-03-2021$RGEALTI_2-0_1M_ASC_LAMB93-IGN69_D055_2018-12-07/file/RGEALTI_2-0_1M_ASC_LAMB93-IGN69_D055_2018-12-07.7z
56,Morbihan,"https://wxs.ign.fr/9u5z4x13jqu05fb3o9cux5e1/telechargement/prepackage/RGEALTI-1M_PACK_FXX_2022-12-07$RGEALTI_2-0_1M_ASC_LAMB93-IGN69_D056_2022-10-14/file/RGEALTI_2-0_1M_ASC_LAMB93-IGN69_D056_2022-10-14.7z.001,https://wxs.ign.fr/9u5z4x13jqu05fb3o9cux5e1/telechargement/prepackage/RGEALTI-1M_PACK_FXX_2022-12-07$RGEALTI_2-0_1M_ASC_LAMB93-IGN69_D056_2022-10-14/file/RGEALTI_2-0_1M_ASC_LAMB93-IGN69_D056_2022-10-14.7z.002 "
57,Moselle,https://wxs.ign.fr/9u5z4x13jqu05fb3o9cux5e1/telechargement/prepackage/RGEALTI-1M_PACK_01-12-2021$RGEALTI_2-0_1M_ASC_LAMB93-IGN69_D057_2021-09-24/file/RGEALTI_2-0_1M_ASC_LAMB93-IGN69_D057_2021-09-24.7z
58,Nièvre,https://wxs.ign.fr/9u5z4x13jqu05fb3o9cux5e1/telechargement/prepackage/RGEALTI-1M_PACK_14-11-2021$RGEALTI_2-0_1M_ASC_LAMB93-IGN69_D058_2021-08-25/file/RGEALTI_2-0_1M_ASC_LAMB93-IGN69_D058_2021-08-25.7z
59,Nord,https://wxs.ign.fr/9u5z4x13jqu05fb3o9cux5e1/telechargement/prepackage/RGEALTI-1M_PACK_14-11-2021$RGEALTI_2-0_1M_ASC_LAMB93-IGN69_D059_2021-09-20/file/RGEALTI_2-0_1M_ASC_LAMB93-IGN69_D059_2021-09-20.7z
60,Oise,https://wxs.ign.fr/9u5z4x13jqu05fb3o9cux5e1/telechargement/prepackage/RGEALTI-1M_PACK_13b-03-2021$RGEALTI_2-0_1M_ASC_LAMB93-IGN69_D060_2019-07-22/file/RGEALTI_2-0_1M_ASC_LAMB93-IGN69_D060_2019-07-22.7z
61,Orne,https://wxs.ign.fr/9u5z4x13jqu05fb3o9cux5e1/telechargement/prepackage/RGEALTI-1M_PACK_13b-03-2021$RGEALTI_2-0_1M_ASC_LAMB93-IGN69_D061_2020-01-22/file/RGEALTI_2-0_1M_ASC_LAMB93-IGN69_D061_2020-01-22.7z
62,Pas-de-Calais,https://wxs.ign.fr/9u5z4x13jqu05fb3o9cux5e1/telechargement/prepackage/RGEALTI-1M_PACK_14-11-2021$RGEALTI_2-0_1M_ASC_LAMB93-IGN69_D062_2021-09-20/file/RGEALTI_2-0_1M_ASC_LAMB93-IGN69_D062_2021-09-20.7z
63,Puy-de-Dôme,"https://wxs.ign.fr/9u5z4x13jqu05fb3o9cux5e1/telechargement/prepackage/RGEALTI-1M_PACK_16-03-2021$RGEALTI_2-0_1M_ASC_LAMB93-IGN69_D063_2021-01-22/file/RGEALTI_2-0_1M_ASC_LAMB93-IGN69_D063_2021-01-22.7z.001,https://wxs.ign.fr/9u5z4x13jqu05fb3o9cux5e1/telechargement/prepackage/RGEALTI-1M_PACK_16-03-2021$RGEALTI_2-0_1M_ASC_LAMB93-IGN69_D063_2021-01-22/file/RGEALTI_2-0_1M_ASC_LAMB93-IGN69_D063_2021-01-22.7z.002 "
64,Pyrénées-Atlantiques,"https://wxs.ign.fr/9u5z4x13jqu05fb3o9cux5e1/telechargement/prepackage/RGEALTI-1M_PACK_09-11-2021$RGEALTI_2-0_1M_ASC_LAMB93-IGN69_D064_2021-04-19/file/RGEALTI_2-0_1M_ASC_LAMB93-IGN69_D064_2021-04-19.7z.001,https://wxs.ign.fr/9u5z4x13jqu05fb3o9cux5e1/telechargement/prepackage/RGEALTI-1M_PACK_09-11-2021$RGEALTI_2-0_1M_ASC_LAMB93-IGN69_D064_2021-04-19/file/RGEALTI_2-0_1M_ASC_LAMB93-IGN69_D064_2021-04-19.7z.002"
65,Hautes-Pyrénées,https://wxs.ign.fr/9u5z4x13jqu05fb3o9cux5e1/telechargement/prepackage/RGEALTI-1M_PACK_13b-03-2021$RGEALTI_2-0_1M_ASC_LAMB93-IGN69_D065_2020-02-11/file/RGEALTI_2-0_1M_ASC_LAMB93-IGN69_D065_2020-02-11.7z
66,Pyrénées-Orientales,https://wxs.ign.fr/9u5z4x13jqu05fb3o9cux5e1/telechargement/prepackage/RGEALTI-1M_PACK_09-11-2021$RGEALTI_2-0_1M_ASC_LAMB93-IGN69_D066_2021-05-12/file/RGEALTI_2-0_1M_ASC_LAMB93-IGN69_D066_2021-05-12.7z
67,Bas-Rhin,"https://wxs.ign.fr/9u5z4x13jqu05fb3o9cux5e1/telechargement/prepackage/RGEALTI-1M_PACK_01-12-2021$RGEALTI_2-0_1M_ASC_LAMB93-IGN69_D067_2021-11-02/file/RGEALTI_2-0_1M_ASC_LAMB93-IGN69_D067_2021-11-02.7z.001,https://wxs.ign.fr/9u5z4x13jqu05fb3o9cux5e1/telechargement/prepackage/RGEALTI-1M_PACK_01-12-2021$RGEALTI_2-0_1M_ASC_LAMB93-IGN69_D067_2021-11-02/file/RGEALTI_2-0_1M_ASC_LAMB93-IGN69_D067_2021-11-02.7z.002"
68,Haut-Rhin,https://wxs.ign.fr/9u5z4x13jqu05fb3o9cux5e1/telechargement/prepackage/RGEALTI-1M_PACK_01-12-2021$RGEALTI_2-0_1M_ASC_LAMB93-IGN69_D068_2021-11-02/file/RGEALTI_2-0_1M_ASC_LAMB93-IGN69_D068_2021-11-02.7z
69,Rhône,https://wxs.ign.fr/9u5z4x13jqu05fb3o9cux5e1/telechargement/prepackage/RGEALTI-1M_PACK_13b-03-2021$RGEALTI_2-0_1M_ASC_LAMB93-IGN69_D069_2020-11-13/file/RGEALTI_2-0_1M_ASC_LAMB93-IGN69_D069_2020-11-13.7z
70,Haute-Saône,https://wxs.ign.fr/9u5z4x13jqu05fb3o9cux5e1/telechargement/prepackage/RGEALTI-1M_PACK_13c-03-2021$RGEALTI_2-0_1M_ASC_LAMB93-IGN69_D070_2020-09-18/file/RGEALTI_2-0_1M_ASC_LAMB93-IGN69_D070_2020-09-18.7z
71,Saône-et-Loire,"https://wxs.ign.fr/9u5z4x13jqu05fb3o9cux5e1/telechargement/prepackage/RGEALTI-1M_PACK_05-11-2022$RGEALTI_2-0_1M_ASC_LAMB93-IGN69_D071_2022-10-05/file/RGEALTI_2-0_1M_ASC_LAMB93-IGN69_D071_2022-10-05.7z.001,https://wxs.ign.fr/9u5z4x13jqu05fb3o9cux5e1/telechargement/prepackage/RGEALTI-1M_PACK_05-11-2022$RGEALTI_2-0_1M_ASC_LAMB93-IGN69_D071_2022-10-05/file/RGEALTI_2-0_1M_ASC_LAMB93-IGN69_D071_2022-10-05.7z.002 "
72,Sarthe,https://wxs.ign.fr/9u5z4x13jqu05fb3o9cux5e1/telechargement/prepackage/RGEALTI-1M_PACK_13c-03-2021$RGEALTI_2-0_1M_ASC_LAMB93-IGN69_D072_2020-01-22/file/RGEALTI_2-0_1M_ASC_LAMB93-IGN69_D072_2020-01-22.7z
73,Savoie,"https://wxs.ign.fr/9u5z4x13jqu05fb3o9cux5e1/telechargement/prepackage/RGEALTI-1M_PACK_13c-03-2021$RGEALTI_2-0_1M_ASC_LAMB93-IGN69_D073_2020-10-15/file/RGEALTI_2-0_1M_ASC_LAMB93-IGN69_D073_2020-10-15.7z.001,https://wxs.ign.fr/9u5z4x13jqu05fb3o9cux5e1/telechargement/prepackage/RGEALTI-1M_PACK_13c-03-2021$RGEALTI_2-0_1M_ASC_LAMB93-IGN69_D073_2020-10-15/file/RGEALTI_2-0_1M_ASC_LAMB93-IGN69_D073_2020-10-15.7z.002 "
74,Haute-Savoie,"https://wxs.ign.fr/9u5z4x13jqu05fb3o9cux5e1/telechargement/prepackage/RGEALTI-1M_PACK_13c-03-2021$RGEALTI_2-0_1M_ASC_LAMB93-IGN69_D074_2020-10-15/file/RGEALTI_2-0_1M_ASC_LAMB93-IGN69_D074_2020-10-15.7z.001,https://wxs.ign.fr/9u5z4x13jqu05fb3o9cux5e1/telechargement/prepackage/RGEALTI-1M_PACK_13c-03-2021$RGEALTI_2-0_1M_ASC_LAMB93-IGN69_D074_2020-10-15/file/RGEALTI_2-0_1M_ASC_LAMB93-IGN69_D074_2020-10-15.7z.002 "
75,Paris,https://wxs.ign.fr/9u5z4x13jqu05fb3o9cux5e1/telechargement/prepackage/RGEALTI-1M_PACK_13c-03-2021$RGEALTI_2-0_1M_ASC_LAMB93-IGN69_D075_2020-07-30/file/RGEALTI_2-0_1M_ASC_LAMB93-IGN69_D075_2020-07-30.7z
76,Seine-Maritime,https://wxs.ign.fr/9u5z4x13jqu05fb3o9cux5e1/telechargement/prepackage/RGEALTI-1M_PACK_09-11-2021$RGEALTI_2-0_1M_ASC_LAMB93-IGN69_D076_2020-10-20/file/RGEALTI_2-0_1M_ASC_LAMB93-IGN69_D076_2020-10-20.7z
77,Seine-et-Marne,https://wxs.ign.fr/9u5z4x13jqu05fb3o9cux5e1/telechargement/prepackage/RGEALTI-1M_PACK_24-03-2021$RGEALTI_2-0_1M_ASC_LAMB93-IGN69_D077_2021-03-03/file/RGEALTI_2-0_1M_ASC_LAMB93-IGN69_D077_2021-03-03.7z
78,Yvelines,https://wxs.ign.fr/9u5z4x13jqu05fb3o9cux5e1/telechargement/prepackage/RGEALTI-1M_PACK_13c-03-2021$RGEALTI_2-0_1M_ASC_LAMB93-IGN69_D078_2019-12-09/file/RGEALTI_2-0_1M_ASC_LAMB93-IGN69_D078_2019-12-09.7z
79,Deux-Sèvres,https://wxs.ign.fr/9u5z4x13jqu05fb3o9cux5e1/telechargement/prepackage/RGEALTI-1M_PACK_05-11-2022$RGEALTI_2-0_1M_ASC_LAMB93-IGN69_D079_2022-10-05/file/RGEALTI_2-0_1M_ASC_LAMB93-IGN69_D079_2022-10-05.7z
80,Somme,https://wxs.ign.fr/9u5z4x13jqu05fb3o9cux5e1/telechargement/prepackage/RGEALTI-1M_PACK_09-11-2021$RGEALTI_2-0_1M_ASC_LAMB93-IGN69_D080_2019-07-09/file/RGEALTI_2-0_1M_ASC_LAMB93-IGN69_D080_2019-07-09.7z
81,Tarn,"https://wxs.ign.fr/9u5z4x13jqu05fb3o9cux5e1/telechargement/prepackage/RGEALTI-1M_PACK_12-08-2022$RGEALTI_2-0_1M_ASC_LAMB93-IGN69_D081_2022-07-29/file/RGEALTI_2-0_1M_ASC_LAMB93-IGN69_D081_2022-07-29.7z.001,https://wxs.ign.fr/9u5z4x13jqu05fb3o9cux5e1/telechargement/prepackage/RGEALTI-1M_PACK_12-08-2022$RGEALTI_2-0_1M_ASC_LAMB93-IGN69_D081_2022-07-29/file/RGEALTI_2-0_1M_ASC_LAMB93-IGN69_D081_2022-07-29.7z.002 "
82,Tarn-et-Garonne,https://wxs.ign.fr/9u5z4x13jqu05fb3o9cux5e1/telechargement/prepackage/RGEALTI-1M_PACK_17-03-2021$RGEALTI_2-0_1M_ASC_LAMB93-IGN69_D082_2019-10-30/file/RGEALTI_2-0_1M_ASC_LAMB93-IGN69_D082_2019-10-30.7z
83,Var,"https://wxs.ign.fr/9u5z4x13jqu05fb3o9cux5e1/telechargement/prepackage/RGEALTI-1M_PACK_12-08-2022$RGEALTI_2-0_1M_ASC_LAMB93-IGN69_D083_2022-07-29/file/RGEALTI_2-0_1M_ASC_LAMB93-IGN69_D083_2022-07-29.7z.001,https://wxs.ign.fr/9u5z4x13jqu05fb3o9cux5e1/telechargement/prepackage/RGEALTI-1M_PACK_12-08-2022$RGEALTI_2-0_1M_ASC_LAMB93-IGN69_D083_2022-07-29/file/RGEALTI_2-0_1M_ASC_LAMB93-IGN69_D083_2022-07-29.7z.002,https://wxs.ign.fr/9u5z4x13jqu05fb3o9cux5e1/telechargement/prepackage/RGEALTI-1M_PACK_12-08-2022$RGEALTI_2-0_1M_ASC_LAMB93-IGN69_D083_2022-07-29/file/RGEALTI_2-0_1M_ASC_LAMB93-IGN69_D083_2022-07-29.7z.003 "
84,Vaucluse,https://wxs.ign.fr/9u5z4x13jqu05fb3o9cux5e1/telechargement/prepackage/RGEALTI-1M_PACK_26-01-2022$RGEALTI_2-0_1M_ASC_LAMB93-IGN69_D084_2021-11-02/file/RGEALTI_2-0_1M_ASC_LAMB93-IGN69_D084_2021-11-02.7z
85,Vendée,"https://wxs.ign.fr/9u5z4x13jqu05fb3o9cux5e1/telechargement/prepackage/RGEALTI-1M_PACK_05-11-2022$RGEALTI_2-0_1M_ASC_LAMB93-IGN69_D085_2022-10-05/file/RGEALTI_2-0_1M_ASC_LAMB93-IGN69_D085_2022-10-05.7z.001,https://wxs.ign.fr/9u5z4x13jqu05fb3o9cux5e1/telechargement/prepackage/RGEALTI-1M_PACK_05-11-2022$RGEALTI_2-0_1M_ASC_LAMB93-IGN69_D085_2022-10-05/file/RGEALTI_2-0_1M_ASC_LAMB93-IGN69_D085_2022-10-05.7z.002 "
86,Vienne,"https://wxs.ign.fr/9u5z4x13jqu05fb3o9cux5e1/telechargement/prepackage/RGEALTI-1M_PACK_05-11-2022$RGEALTI_2-0_1M_ASC_LAMB93-IGN69_D086_2022-10-05/file/RGEALTI_2-0_1M_ASC_LAMB93-IGN69_D086_2022-10-05.7z.001,https://wxs.ign.fr/9u5z4x13jqu05fb3o9cux5e1/telechargement/prepackage/RGEALTI-1M_PACK_05-11-2022$RGEALTI_2-0_1M_ASC_LAMB93-IGN69_D086_2022-10-05/file/RGEALTI_2-0_1M_ASC_LAMB93-IGN69_D086_2022-10-05.7z.002"
87,Haute-Vienne,https://wxs.ign.fr/9u5z4x13jqu05fb3o9cux5e1/telechargement/prepackage/RGEALTI-1M_PACK_01-12-2021$RGEALTI_2-0_1M_ASC_LAMB93-IGN69_D087_2021-10-26/file/RGEALTI_2-0_1M_ASC_LAMB93-IGN69_D087_2021-10-26.7z
88,Vosges,"https://wxs.ign.fr/9u5z4x13jqu05fb3o9cux5e1/telechargement/prepackage/RGEALTI-1M_PACK_01-12-2021$RGEALTI_2-0_1M_ASC_LAMB93-IGN69_D088_2021-09-24/file/RGEALTI_2-0_1M_ASC_LAMB93-IGN69_D088_2021-09-24.7z.001,https://wxs.ign.fr/9u5z4x13jqu05fb3o9cux5e1/telechargement/prepackage/RGEALTI-1M_PACK_01-12-2021$RGEALTI_2-0_1M_ASC_LAMB93-IGN69_D088_2021-09-24/file/RGEALTI_2-0_1M_ASC_LAMB93-IGN69_D088_2021-09-24.7z.002 "
89,Yonne,https://wxs.ign.fr/9u5z4x13jqu05fb3o9cux5e1/telechargement/prepackage/RGEALTI-1M_PACK_01-12-2021$RGEALTI_2-0_1M_ASC_LAMB93-IGN69_D089_2021-11-04/file/RGEALTI_2-0_1M_ASC_LAMB93-IGN69_D089_2021-11-04.7z
90,Territoire de Belfort,https://wxs.ign.fr/9u5z4x13jqu05fb3o9cux5e1/telechargement/prepackage/RGEALTI-1M_PACK_13d-03-2021$RGEALTI_2-0_1M_ASC_LAMB93-IGN69_D090_2020-09-18/file/RGEALTI_2-0_1M_ASC_LAMB93-IGN69_D090_2020-09-18.7z
91,Essonne,https://wxs.ign.fr/9u5z4x13jqu05fb3o9cux5e1/telechargement/prepackage/RGEALTI-1M_PACK_24-03-2021$RGEALTI_2-0_1M_ASC_LAMB93-IGN69_D091_2021-03-03/file/RGEALTI_2-0_1M_ASC_LAMB93-IGN69_D091_2021-03-03.7z
92,Hauts-de-Seine,https://wxs.ign.fr/9u5z4x13jqu05fb3o9cux5e1/telechargement/prepackage/RGEALTI-1M_PACK_13d-03-2021$RGEALTI_2-0_1M_ASC_LAMB93-IGN69_D092_2020-07-30/file/RGEALTI_2-0_1M_ASC_LAMB93-IGN69_D092_2020-07-30.7z
93,Seine-Saint-Denis,https://wxs.ign.fr/9u5z4x13jqu05fb3o9cux5e1/telechargement/prepackage/RGEALTI-1M_PACK_13d-03-2021$RGEALTI_2-0_1M_ASC_LAMB93-IGN69_D093_2020-02-24/file/RGEALTI_2-0_1M_ASC_LAMB93-IGN69_D093_2020-02-24.7z
94,Val-de-Marne,https://wxs.ign.fr/9u5z4x13jqu05fb3o9cux5e1/telechargement/prepackage/RGEALTI-1M_PACK_13d-03-2021$RGEALTI_2-0_1M_ASC_LAMB93-IGN69_D094_2020-03-05/file/RGEALTI_2-0_1M_ASC_LAMB93-IGN69_D094_2020-03-05.7z
95,Val-d’Oise,https://wxs.ign.fr/9u5z4x13jqu05fb3o9cux5e1/telechargement/prepackage/RGEALTI-1M_PACK_13d-03-2021$RGEALTI_2-0_1M_ASC_LAMB93-IGN69_D095_2019-12-09/file/RGEALTI_2-0_1M_ASC_LAMB93-IGN69_D095_2019-12-09.7z
971,Guadeloupe,"https://wxs.ign.fr/9u5z4x13jqu05fb3o9cux5e1/telechargement/prepackage/RGEALTI-1M_PACK_23-03-2021$RGEALTI_2-0_1M_ASC_WGS84UTM20-GUAD88_D971_2014-01-15/file/RGEALTI_2-0_1M_ASC_WGS84UTM20-GUAD88_D971_2014-01-15.7z,https://wxs.ign.fr/9u5z4x13jqu05fb3o9cux5e1/telechargement/prepackage/RGEALTI-1M_PACK_23-03-2021$RGEALTI_2-0_1M_ASC_WGS84UTM20-GUAD92LD_D971_2013-12-11/file/RGEALTI_2-0_1M_ASC_WGS84UTM20-GUAD92LD_D971_2013-12-11.7z "
972,Martinique,https://wxs.ign.fr/9u5z4x13jqu05fb3o9cux5e1/telechargement/prepackage/RGEALTI-1M_PACK_23-03-2021$RGEALTI_2-0_1M_ASC_WGS84UTM20-MART87_D972_2015-10-21/file/RGEALTI_2-0_1M_ASC_WGS84UTM20-MART87_D972_2015-10-21.7z
973,Guyane,"https://wxs.ign.fr/9u5z4x13jqu05fb3o9cux5e1/telechargement/prepackage/RGEALTI-1M_PACK_03-04-2021$RGEALTI_2-0_1M_ASC_RGFG95UTM22-GUYA77_D973-NO_2021-03-04/file/RGEALTI_2-0_1M_ASC_RGFG95UTM22-GUYA77_D973-NO_2021-03-04.7z.001,https://wxs.ign.fr/9u5z4x13jqu05fb3o9cux5e1/telechargement/prepackage/RGEALTI-1M_PACK_03-04-2021$RGEALTI_2-0_1M_ASC_RGFG95UTM22-GUYA77_D973-NO_2021-03-04/file/RGEALTI_2-0_1M_ASC_RGFG95UTM22-GUYA77_D973-NO_2021-03-04.7z.002,https://wxs.ign.fr/9u5z4x13jqu05fb3o9cux5e1/telechargement/prepackage/RGEALTI-1M_PACK_03-04-2021$RGEALTI_2-0_1M_ASC_RGFG95UTM22-GUYA77_D973-NO_2021-03-04/file/RGEALTI_2-0_1M_ASC_RGFG95UTM22-GUYA77_D973-NO_2021-03-04.7z.003,https://wxs.ign.fr/9u5z4x13jqu05fb3o9cux5e1/telechargement/prepackage/RGEALTI-1M_PACK_03-04-2021$RGEALTI_2-0_1M_ASC_RGFG95UTM22-GUYA77_D973-NO_2021-03-04/file/RGEALTI_2-0_1M_ASC_RGFG95UTM22-GUYA77_D973-NO_2021-03-04.7z.004,https://wxs.ign.fr/9u5z4x13jqu05fb3o9cux5e1/telechargement/prepackage/RGEALTI-1M_PACK_03-04-2021$RGEALTI_2-0_1M_ASC_RGFG95UTM22-GUYA77_D973-NE_2021-03-04/file/RGEALTI_2-0_1M_ASC_RGFG95UTM22-GUYA77_D973-NE_2021-03-04.7z.001,https://wxs.ign.fr/9u5z4x13jqu05fb3o9cux5e1/telechargement/prepackage/RGEALTI-1M_PACK_03-04-2021$RGEALTI_2-0_1M_ASC_RGFG95UTM22-GUYA77_D973-NE_2021-03-04/file/RGEALTI_2-0_1M_ASC_RGFG95UTM22-GUYA77_D973-NE_2021-03-04.7z.002,https://wxs.ign.fr/9u5z4x13jqu05fb3o9cux5e1/telechargement/prepackage/RGEALTI-1M_PACK_03-04-2021$RGEALTI_2-0_1M_ASC_RGFG95UTM22-GUYA77_D973-NE_2021-03-04/file/RGEALTI_2-0_1M_ASC_RGFG95UTM22-GUYA77_D973-NE_2021-03-04.7z.003,https://wxs.ign.fr/9u5z4x13jqu05fb3o9cux5e1/telechargement/prepackage/RGEALTI-1M_PACK_03-04-2021$RGEALTI_2-0_1M_ASC_RGFG95UTM22-GUYA77_D973-NE_2021-03-04/file/RGEALTI_2-0_1M_ASC_RGFG95UTM22-GUYA77_D973-NE_2021-03-04.7z.004,https://wxs.ign.fr/9u5z4x13jqu05fb3o9cux5e1/telechargement/prepackage/RGEALTI-1M_PACK_03-04-2021$RGEALTI_2-0_1M_ASC_RGFG95UTM22-GUYA77_D973-SO_2021-03-04/file/RGEALTI_2-0_1M_ASC_RGFG95UTM22-GUYA77_D973-SO_2021-03-04.7z.001,https://wxs.ign.fr/9u5z4x13jqu05fb3o9cux5e1/telechargement/prepackage/RGEALTI-1M_PACK_03-04-2021$RGEALTI_2-0_1M_ASC_RGFG95UTM22-GUYA77_D973-SO_2021-03-04/file/RGEALTI_2-0_1M_ASC_RGFG95UTM22-GUYA77_D973-SO_2021-03-04.7z.002,https://wxs.ign.fr/9u5z4x13jqu05fb3o9cux5e1/telechargement/prepackage/RGEALTI-1M_PACK_03-04-2021$RGEALTI_2-0_1M_ASC_RGFG95UTM22-GUYA77_D973-SO_2021-03-04/file/RGEALTI_2-0_1M_ASC_RGFG95UTM22-GUYA77_D973-SO_2021-03-04.7z.003,https://wxs.ign.fr/9u5z4x13jqu05fb3o9cux5e1/telechargement/prepackage/RGEALTI-1M_PACK_03-04-2021$RGEALTI_2-0_1M_ASC_RGFG95UTM22-GUYA77_D973-SO_2021-03-04/file/RGEALTI_2-0_1M_ASC_RGFG95UTM22-GUYA77_D973-SO_2021-03-04.7z.004,https://wxs.ign.fr/9u5z4x13jqu05fb3o9cux5e1/telechargement/prepackage/RGEALTI-1M_PACK_03-04-2021$RGEALTI_2-0_1M_ASC_RGFG95UTM22-GUYA77_D973-SO_2021-03-04/file/RGEALTI_2-0_1M_ASC_RGFG95UTM22-GUYA77_D973-SO_2021-03-04.7z.005,https://wxs.ign.fr/9u5z4x13jqu05fb3o9cux5e1/telechargement/prepackage/RGEALTI-1M_PACK_03-04-2021$RGEALTI_2-0_1M_ASC_RGFG95UTM22-GUYA77_D973-SE_2021-03-04/file/RGEALTI_2-0_1M_ASC_RGFG95UTM22-GUYA77_D973-SE_2021-03-04.7z.001,https://wxs.ign.fr/9u5z4x13jqu05fb3o9cux5e1/telechargement/prepackage/RGEALTI-1M_PACK_03-04-2021$RGEALTI_2-0_1M_ASC_RGFG95UTM22-GUYA77_D973-SE_2021-03-04/file/RGEALTI_2-0_1M_ASC_RGFG95UTM22-GUYA77_D973-SE_2021-03-04.7z.002,https://wxs.ign.fr/9u5z4x13jqu05fb3o9cux5e1/telechargement/prepackage/RGEALTI-1M_PACK_03-04-2021$RGEALTI_2-0_1M_ASC_RGFG95UTM22-GUYA77_D973-SE_2021-03-04/file/RGEALTI_2-0_1M_ASC_RGFG95UTM22-GUYA77_D973-SE_2021-03-04.7z.003,https://wxs.ign.fr/9u5z4x13jqu05fb3o9cux5e1/telechargement/prepackage/RGEALTI-1M_PACK_03-04-2021$RGEALTI_2-0_1M_ASC_RGFG95UTM22-GUYA77_D973-SE_2021-03-04/file/RGEALTI_2-0_1M_ASC_RGFG95UTM22-GUYA77_D973-SE_2021-03-04.7z.004,https://wxs.ign.fr/9u5z4x13jqu05fb3o9cux5e1/telechargement/prepackage/RGEALTI-1M_PACK_03-04-2021$RGEALTI_2-0_1M_ASC_RGFG95UTM22-GUYA77_D973-SE_2021-03-04/file/RGEALTI_2-0_1M_ASC_RGFG95UTM22-GUYA77_D973-SE_2021-03-04.7z.005"
974,La Réunion,https://wxs.ign.fr/9u5z4x13jqu05fb3o9cux5e1/telechargement/prepackage/RGEALTI-1M_PACK_23-03-2021$RGEALTI_2-0_1M_ASC_RGR92UTM40S-REUN89_D974_2016-03-11/file/RGEALTI_2-0_1M_ASC_RGR92UTM40S-REUN89_D974_2016-03-11.7z
975,Saint-Pierre-et-Miquelon,https://wxs.ign.fr/9u5z4x13jqu05fb3o9cux5e1/telechargement/prepackage/RGEALTI-1M_PACK_23-03-2021$RGEALTI_2-0_1M_ASC_RGSPM06U21-STPM50_D975_2017-03-27/file/RGEALTI_2-0_1M_ASC_RGSPM06U21-STPM50_D975_2017-03-27.7z
976,Mayotte,https://wxs.ign.fr/9u5z4x13jqu05fb3o9cux5e1/telechargement/prepackage/RGEALTI-1M_PACK_23-03-2021$RGEALTI_2-0_1M_ASC_RGM04UTM38S-MAYO53_D976_2013-12-19/file/RGEALTI_2-0_1M_ASC_RGM04UTM38S-MAYO53_D976_2013-12-19.7z
977,Saint-Barthélemy,https://wxs.ign.fr/9u5z4x13jqu05fb3o9cux5e1/telechargement/prepackage/RGEALTI-1M_PACK_23-03-2021$RGEALTI_2-0_1M_ASC_RGAF09UTM20-GUAD88SB_D977_2019-11-25/file/RGEALTI_2-0_1M_ASC_RGAF09UTM20-GUAD88SB_D977_2019-11-25.7z
978,Saint-Martin,https://wxs.ign.fr/9u5z4x13jqu05fb3o9cux5e1/telechargement/prepackage/RGEALTI-1M_PACK_23-03-2021$RGEALTI_2-0_1M_ASC_RGAF09UTM20-GUAD88SM_D978_2019-11-20/file/RGEALTI_2-0_1M_ASC_RGAF09UTM20-GUAD88SM_D978_2019-11-20.7z
,,
,,
,,
,, 